0,File-bits,Entropy,Chi-square,Mean,Monte-Carlo-Pi,Serial-Correlation
1,17179869184,1.000000,0.138573,0.499999,3.141524,-0.000002608176936
2,Value,Occurrences,Fraction
3,0,8589958988,0.500001
3,1,8589910196,0.499999
