0,File-bits,Entropy,Chi-square,Mean,Monte-Carlo-Pi,Serial-Correlation
1,16800000000,1.000000,46.036171,0.499974,3.141626,0.000089
2,Value,Occurrences,Fraction
3,0,8400439718,0.500026
3,1,8399560282,0.499974
