0,File-bits,Entropy,Chi-square,Mean,Monte-Carlo-Pi,Serial-Correlation
1,16800000000,1.000000,44.588499,0.499974,3.141623,0.000083
2,Value,Occurrences,Fraction
3,0,8400432749,0.500026
3,1,8399567251,0.499974
