0,File-bits,Entropy,Chi-square,Mean,Monte-Carlo-Pi,Serial-Correlation
1,16800000000,1.000000,35.932550,0.499977,3.141617,0.000088
2,Value,Occurrences,Fraction
3,0,8400388480,0.500023
3,1,8399611520,0.499977
