0,File-bits,Entropy,Chi-square,Mean,Monte-Carlo-Pi,Serial-Correlation
1,16800000000,1.000000,36.906000,0.499977,3.141783,0.000082
2,Value,Occurrences,Fraction
3,0,8400393707,0.500023
3,1,8399606293,0.499977
