0,File-bits,Entropy,Chi-square,Mean,Monte-Carlo-Pi,Serial-Correlation
1,16800000000,1.000000,48.202929,0.499973,3.141412,0.000094
2,Value,Occurrences,Fraction
3,0,8400449947,0.500027
3,1,8399550053,0.499973
