0,File-bits,Entropy,Chi-square,Mean,Monte-Carlo-Pi,Serial-Correlation
1,16800000000,1.000000,47.042070,0.499974,3.141671,0.000101
2,Value,Occurrences,Fraction
3,0,8400444496,0.500026
3,1,8399555504,0.499974
