0,File-bits,Entropy,Chi-square,Mean,Monte-Carlo-Pi,Serial-Correlation
1,16800000000,1.000000,60.647155,0.499970,3.141645,0.000095
2,Value,Occurrences,Fraction
3,0,8400504696,0.500030
3,1,8399495304,0.499970
