0,File-bits,Entropy,Chi-square,Mean,Monte-Carlo-Pi,Serial-Correlation
1,16800000000,1.000000,26.136257,0.499980,3.141473,0.000086
2,Value,Occurrences,Fraction
3,0,8400331319,0.500020
3,1,8399668681,0.499980
