0,File-bits,Entropy,Chi-square,Mean,Monte-Carlo-Pi,Serial-Correlation
1,16800000000,1.000000,56.774409,0.499971,3.141818,0.000093
2,Value,Occurrences,Fraction
3,0,8400488316,0.500029
3,1,8399511684,0.499971
