0,File-bits,Entropy,Chi-square,Mean,Monte-Carlo-Pi,Serial-Correlation
1,16800000000,1.000000,45.498780,0.499974,3.141677,0.000099
2,Value,Occurrences,Fraction
3,0,8400437144,0.500026
3,1,8399562856,0.499974
