0,File-bits,Entropy,Chi-square,Mean,Monte-Carlo-Pi,Serial-Correlation
1,16800000000,1.000000,44.563774,0.499974,3.141649,0.000092
2,Value,Occurrences,Fraction
3,0,8400432629,0.500026
3,1,8399567371,0.499974
