0,File-bits,Entropy,Chi-square,Mean,Monte-Carlo-Pi,Serial-Correlation
1,16800000000,1.000000,78.538807,0.499966,3.141747,0.000093
2,Value,Occurrences,Fraction
3,0,8400574337,0.500034
3,1,8399425663,0.499966
