0,File-bits,Entropy,Chi-square,Mean,Monte-Carlo-Pi,Serial-Correlation
1,16800000000,1.000000,57.197237,0.499971,3.141781,0.000087
2,Value,Occurrences,Fraction
3,0,8400490131,0.500029
3,1,8399509869,0.499971
