0,File-bits,Entropy,Chi-square,Mean,Monte-Carlo-Pi,Serial-Correlation
1,16800000000,1.000000,76.467799,0.499966,3.141714,0.000075
2,Value,Occurrences,Fraction
3,0,8400566714,0.500034
3,1,8399433286,0.499966
