0,File-bits,Entropy,Chi-square,Mean,Monte-Carlo-Pi,Serial-Correlation
1,16800000000,1.000000,43.113686,0.499975,3.141927,0.000094
2,Value,Occurrences,Fraction
3,0,8400425532,0.500025
3,1,8399574468,0.499975
