0,File-bits,Entropy,Chi-square,Mean,Monte-Carlo-Pi,Serial-Correlation
1,16800000000,1.000000,52.375463,0.499972,3.141584,0.000084
2,Value,Occurrences,Fraction
3,0,8400469017,0.500028
3,1,8399530983,0.499972
