0,File-bits,Entropy,Chi-square,Mean,Monte-Carlo-Pi,Serial-Correlation
1,16800000000,1.000000,49.556789,0.499973,3.141737,0.000093
2,Value,Occurrences,Fraction
3,0,8400456222,0.500027
3,1,8399543778,0.499973
