0,File-bits,Entropy,Chi-square,Mean,Monte-Carlo-Pi,Serial-Correlation
1,16800000000,1.000000,57.572451,0.499971,3.141641,0.000108
2,Value,Occurrences,Fraction
3,0,8400491736,0.500029
3,1,8399508264,0.499971
