0,File-bits,Entropy,Chi-square,Mean,Monte-Carlo-Pi,Serial-Correlation
1,16800000000,1.000000,48.857129,0.499973,3.141757,0.000093
2,Value,Occurrences,Fraction
3,0,8400452990,0.500027
3,1,8399547010,0.499973
