0,File-bits,Entropy,Chi-square,Mean,Monte-Carlo-Pi,Serial-Correlation
1,16800000000,1.000000,62.596520,0.499969,3.141690,0.000077
2,Value,Occurrences,Fraction
3,0,8400512743,0.500031
3,1,8399487257,0.499969
