0,File-bits,Entropy,Chi-square,Mean,Monte-Carlo-Pi,Serial-Correlation
1,16800000000,1.000000,52.415002,0.499972,3.141619,0.000086
2,Value,Occurrences,Fraction
3,0,8400469194,0.500028
3,1,8399530806,0.499972
