0,File-bits,Entropy,Chi-square,Mean,Monte-Carlo-Pi,Serial-Correlation
1,16800000000,1.000000,45.613342,0.499974,3.141717,0.000095
2,Value,Occurrences,Fraction
3,0,8400437694,0.500026
3,1,8399562306,0.499974
