0,File-bits,Entropy,Chi-square,Mean,Monte-Carlo-Pi,Serial-Correlation
1,16800000000,1.000000,23.951168,0.499981,3.141410,0.000090
2,Value,Occurrences,Fraction
3,0,8400317167,0.500019
3,1,8399682833,0.499981
