0,File-bits,Entropy,Chi-square,Mean,Monte-Carlo-Pi,Serial-Correlation
1,16800000000,1.000000,46.294081,0.499974,3.141480,0.000081
2,Value,Occurrences,Fraction
3,0,8400440948,0.500026
3,1,8399559052,0.499974
