0,File-bits,Entropy,Chi-square,Mean,Monte-Carlo-Pi,Serial-Correlation
1,16800000000,1.000000,60.748858,0.499970,3.141606,0.000090
2,Value,Occurrences,Fraction
3,0,8400505119,0.500030
3,1,8399494881,0.499970
