0,File-bits,Entropy,Chi-square,Mean,Monte-Carlo-Pi,Serial-Correlation
1,16800000000,1.000000,43.403940,0.499975,3.141654,0.000102
2,Value,Occurrences,Fraction
3,0,8400426962,0.500025
3,1,8399573038,0.499975
