0,File-bits,Entropy,Chi-square,Mean,Monte-Carlo-Pi,Serial-Correlation
1,16800000000,1.000000,33.251470,0.499978,3.141517,0.000094
2,Value,Occurrences,Fraction
3,0,8400373706,0.500022
3,1,8399626294,0.499978
