0,File-bits,Entropy,Chi-square,Mean,Monte-Carlo-Pi,Serial-Correlation
1,16800000000,1.000000,70.272233,0.499968,3.141651,0.000091
2,Value,Occurrences,Fraction
3,0,8400543271,0.500032
3,1,8399456729,0.499968
