0,File-bits,Entropy,Chi-square,Mean,Monte-Carlo-Pi,Serial-Correlation
1,16800000000,1.000000,51.322174,0.499972,3.141679,0.000098
2,Value,Occurrences,Fraction
3,0,8400464277,0.500028
3,1,8399535723,0.499972
