0,File-bits,Entropy,Chi-square,Mean,Monte-Carlo-Pi,Serial-Correlation
1,16800000000,1.000000,44.839847,0.499974,3.141654,0.000094
2,Value,Occurrences,Fraction
3,0,8400433967,0.500026
3,1,8399566033,0.499974
