0,File-bits,Entropy,Chi-square,Mean,Monte-Carlo-Pi,Serial-Correlation
1,16800000000,1.000000,56.652860,0.499971,3.141758,0.000094
2,Value,Occurrences,Fraction
3,0,8400487793,0.500029
3,1,8399512207,0.499971
