0,File-bits,Entropy,Chi-square,Mean,Monte-Carlo-Pi,Serial-Correlation
1,16800000000,1.000000,45.978189,0.499974,3.141583,0.000080
2,Value,Occurrences,Fraction
3,0,8400439441,0.500026
3,1,8399560559,0.499974
