0,File-bits,Entropy,Chi-square,Mean,Monte-Carlo-Pi,Serial-Correlation
1,16800000000,1.000000,45.536049,0.499974,3.141779,0.000087
2,Value,Occurrences,Fraction
3,0,8400437323,0.500026
3,1,8399562677,0.499974
