0,File-bits,Entropy,Chi-square,Mean,Monte-Carlo-Pi,Serial-Correlation
1,16800000000,1.000000,27.106555,0.499980,3.141673,0.000097
2,Value,Occurrences,Fraction
3,0,8400337413,0.500020
3,1,8399662587,0.499980
