0,File-bits,Entropy,Chi-square,Mean,Monte-Carlo-Pi,Serial-Correlation
1,16800000000,1.000000,42.446179,0.499975,3.141731,0.000092
2,Value,Occurrences,Fraction
3,0,8400422225,0.500025
3,1,8399577775,0.499975
