0,File-bits,Entropy,Chi-square,Mean,Monte-Carlo-Pi,Serial-Correlation
1,16800000000,1.000000,37.280404,0.499976,3.141590,0.000095
2,Value,Occurrences,Fraction
3,0,8400395699,0.500024
3,1,8399604301,0.499976
