0,File-bits,Entropy,Chi-square,Mean,Monte-Carlo-Pi,Serial-Correlation
1,16800000000,1.000000,39.392188,0.499976,3.141527,0.000094
2,Value,Occurrences,Fraction
3,0,8400406752,0.500024
3,1,8399593248,0.499976
