0,File-bits,Entropy,Chi-square,Mean,Monte-Carlo-Pi,Serial-Correlation
1,16800000000,1.000000,62.430599,0.499970,3.141597,0.000088
2,Value,Occurrences,Fraction
3,0,8400512063,0.500030
3,1,8399487937,0.499970
