0,File-bits,Entropy,Chi-square,Mean,Monte-Carlo-Pi,Serial-Correlation
1,16800000000,1.000000,47.494847,0.499973,3.141713,0.000079
2,Value,Occurrences,Fraction
3,0,8400446630,0.500027
3,1,8399553370,0.499973
