0,File-bits,Entropy,Chi-square,Mean,Monte-Carlo-Pi,Serial-Correlation
1,16800000000,1.000000,53.440579,0.499972,3.141629,0.000076
2,Value,Occurrences,Fraction
3,0,8400473762,0.500028
3,1,8399526238,0.499972
