0,File-bits,Entropy,Chi-square,Mean,Monte-Carlo-Pi,Serial-Correlation
1,16800000000,1.000000,45.215910,0.499974,3.141588,0.000099
2,Value,Occurrences,Fraction
3,0,8400435783,0.500026
3,1,8399564217,0.499974
