0,File-bits,Entropy,Chi-square,Mean,Monte-Carlo-Pi,Serial-Correlation
1,16800000000,1.000000,49.310518,0.499973,3.141729,0.000079
2,Value,Occurrences,Fraction
3,0,8400455087,0.500027
3,1,8399544913,0.499973
