0,File-bits,Entropy,Chi-square,Mean,Monte-Carlo-Pi,Serial-Correlation
1,16800000000,1.000000,40.943923,0.499975,3.141632,0.000097
2,Value,Occurrences,Fraction
3,0,8400414686,0.500025
3,1,8399585314,0.499975
