0,File-bits,Entropy,Chi-square,Mean,Monte-Carlo-Pi,Serial-Correlation
1,16800000000,1.000000,32.874567,0.499978,3.141657,0.000101
2,Value,Occurrences,Fraction
3,0,8400371582,0.500022
3,1,8399628418,0.499978
