0,File-bits,Entropy,Chi-square,Mean,Monte-Carlo-Pi,Serial-Correlation
1,16800000000,1.000000,42.696665,0.499975,3.141701,0.000090
2,Value,Occurrences,Fraction
3,0,8400423469,0.500025
3,1,8399576531,0.499975
