0,File-bits,Entropy,Chi-square,Mean,Monte-Carlo-Pi,Serial-Correlation
1,16800000000,1.000000,53.364128,0.499972,3.141660,0.000097
2,Value,Occurrences,Fraction
3,0,8400473423,0.500028
3,1,8399526577,0.499972
