0,File-bits,Entropy,Chi-square,Mean,Monte-Carlo-Pi,Serial-Correlation
1,16800000000,1.000000,52.995272,0.499972,3.141730,0.000084
2,Value,Occurrences,Fraction
3,0,8400471784,0.500028
3,1,8399528216,0.499972
