0,File-bits,Entropy,Chi-square,Mean,Monte-Carlo-Pi,Serial-Correlation
1,16800000000,1.000000,31.478930,0.499978,3.141783,0.000104
2,Value,Occurrences,Fraction
3,0,8400363609,0.500022
3,1,8399636391,0.499978
