0,File-bits,Entropy,Chi-square,Mean,Monte-Carlo-Pi,Serial-Correlation
1,16800000000,1.000000,49.707021,0.499973,3.141814,0.000099
2,Value,Occurrences,Fraction
3,0,8400456913,0.500027
3,1,8399543087,0.499973
