0,File-bits,Entropy,Chi-square,Mean,Monte-Carlo-Pi,Serial-Correlation
1,16800000000,1.000000,49.048650,0.499973,3.141725,0.000088
2,Value,Occurrences,Fraction
3,0,8400453877,0.500027
3,1,8399546123,0.499973
