0,File-bits,Entropy,Chi-square,Mean,Monte-Carlo-Pi,Serial-Correlation
1,16800000000,1.000000,33.124531,0.499978,3.141753,0.000085
2,Value,Occurrences,Fraction
3,0,8400372992,0.500022
3,1,8399627008,0.499978
