0,File-bits,Entropy,Chi-square,Mean,Monte-Carlo-Pi,Serial-Correlation
1,16800000000,1.000000,67.698373,0.499968,3.141655,0.000078
2,Value,Occurrences,Fraction
3,0,8400533229,0.500032
3,1,8399466771,0.499968
