0,File-bits,Entropy,Chi-square,Mean,Monte-Carlo-Pi,Serial-Correlation
1,16800000000,1.000000,57.037939,0.499971,3.141608,0.000096
2,Value,Occurrences,Fraction
3,0,8400489448,0.500029
3,1,8399510552,0.499971
