0,File-bits,Entropy,Chi-square,Mean,Monte-Carlo-Pi,Serial-Correlation
1,16800000000,1.000000,66.889029,0.499968,3.141851,0.000087
2,Value,Occurrences,Fraction
3,0,8400530032,0.500032
3,1,8399469968,0.499968
