0,File-bits,Entropy,Chi-square,Mean,Monte-Carlo-Pi,Serial-Correlation
1,16800000000,1.000000,52.612025,0.499972,3.141909,0.000090
2,Value,Occurrences,Fraction
3,0,8400470075,0.500028
3,1,8399529925,0.499972
