0,File-bits,Entropy,Chi-square,Mean,Monte-Carlo-Pi,Serial-Correlation
1,16800000000,1.000000,38.011284,0.499976,3.141861,0.000081
2,Value,Occurrences,Fraction
3,0,8400399559,0.500024
3,1,8399600441,0.499976
