0,File-bits,Entropy,Chi-square,Mean,Monte-Carlo-Pi,Serial-Correlation
1,16800000000,1.000000,59.458113,0.499970,3.141699,0.000087
2,Value,Occurrences,Fraction
3,0,8400499724,0.500030
3,1,8399500276,0.499970
