0,File-bits,Entropy,Chi-square,Mean,Monte-Carlo-Pi,Serial-Correlation
1,16800000000,1.000000,61.399065,0.499970,3.141702,0.000090
2,Value,Occurrences,Fraction
3,0,8400507815,0.500030
3,1,8399492185,0.499970
