0,File-bits,Entropy,Chi-square,Mean,Monte-Carlo-Pi,Serial-Correlation
1,16800000000,1.000000,36.881445,0.499977,3.141687,0.000100
2,Value,Occurrences,Fraction
3,0,8400393576,0.500023
3,1,8399606424,0.499977
