0,File-bits,Entropy,Chi-square,Mean,Monte-Carlo-Pi,Serial-Correlation
1,16800000000,1.000000,46.225234,0.499974,3.141599,0.000083
2,Value,Occurrences,Fraction
3,0,8400440620,0.500026
3,1,8399559380,0.499974
