0,File-bits,Entropy,Chi-square,Mean,Monte-Carlo-Pi,Serial-Correlation
1,16800000000,1.000000,64.243102,0.499969,3.141752,0.000091
2,Value,Occurrences,Fraction
3,0,8400519443,0.500031
3,1,8399480557,0.499969
