0,File-bits,Entropy,Chi-square,Mean,Monte-Carlo-Pi,Serial-Correlation
1,16800000000,1.000000,48.251150,0.499973,3.141599,0.000083
2,Value,Occurrences,Fraction
3,0,8400450172,0.500027
3,1,8399549828,0.499973
