0,File-bits,Entropy,Chi-square,Mean,Monte-Carlo-Pi,Serial-Correlation
1,16800000000,1.000000,32.463229,0.499978,3.141532,0.000099
2,Value,Occurrences,Fraction
3,0,8400369250,0.500022
3,1,8399630750,0.499978
