0,File-bits,Entropy,Chi-square,Mean,Monte-Carlo-Pi,Serial-Correlation
1,16800000000,1.000000,32.602639,0.499978,3.141567,0.000093
2,Value,Occurrences,Fraction
3,0,8400370042,0.500022
3,1,8399629958,0.499978
