0,File-bits,Entropy,Chi-square,Mean,Monte-Carlo-Pi,Serial-Correlation
1,16800000000,1.000000,54.360444,0.499972,3.141658,0.000086
2,Value,Occurrences,Fraction
3,0,8400477822,0.500028
3,1,8399522178,0.499972
