0,File-bits,Entropy,Chi-square,Mean,Monte-Carlo-Pi,Serial-Correlation
1,16800000000,1.000000,26.228002,0.499980,3.141650,0.000094
2,Value,Occurrences,Fraction
3,0,8400331900,0.500020
3,1,8399668100,0.499980
