0,File-bits,Entropy,Chi-square,Mean,Monte-Carlo-Pi,Serial-Correlation
1,16800000000,1.000000,73.020376,0.499967,3.141703,0.000073
2,Value,Occurrences,Fraction
3,0,8400553792,0.500033
3,1,8399446208,0.499967
