0,File-bits,Entropy,Chi-square,Mean,Monte-Carlo-Pi,Serial-Correlation
1,16800000000,1.000000,26.547594,0.499980,3.141705,0.000093
2,Value,Occurrences,Fraction
3,0,8400333916,0.500020
3,1,8399666084,0.499980
