0,File-bits,Entropy,Chi-square,Mean,Monte-Carlo-Pi,Serial-Correlation
1,16800000000,1.000000,66.459637,0.499969,3.141729,0.000097
2,Value,Occurrences,Fraction
3,0,8400528328,0.500031
3,1,8399471672,0.499969
