0,File-bits,Entropy,Chi-square,Mean,Monte-Carlo-Pi,Serial-Correlation
1,16800000000,1.000000,53.203511,0.499972,3.141648,0.000100
2,Value,Occurrences,Fraction
3,0,8400472710,0.500028
3,1,8399527290,0.499972
