0,File-bits,Entropy,Chi-square,Mean,Monte-Carlo-Pi,Serial-Correlation
1,16800000000,1.000000,20.407184,0.499983,3.141574,0.000099
2,Value,Occurrences,Fraction
3,0,8400292763,0.500017
3,1,8399707237,0.499983
