0,File-bits,Entropy,Chi-square,Mean,Monte-Carlo-Pi,Serial-Correlation
1,16800000000,1.000000,53.686541,0.499972,3.141694,0.000111
2,Value,Occurrences,Fraction
3,0,8400474851,0.500028
3,1,8399525149,0.499972
