0,File-bits,Entropy,Chi-square,Mean,Monte-Carlo-Pi,Serial-Correlation
1,16800000000,1.000000,52.330581,0.499972,3.141675,0.000087
2,Value,Occurrences,Fraction
3,0,8400468816,0.500028
3,1,8399531184,0.499972
