0,File-bits,Entropy,Chi-square,Mean,Monte-Carlo-Pi,Serial-Correlation
1,16800000000,1.000000,30.224590,0.499979,3.141670,0.000107
2,Value,Occurrences,Fraction
3,0,8400356291,0.500021
3,1,8399643709,0.499979
