0,File-bits,Entropy,Chi-square,Mean,Monte-Carlo-Pi,Serial-Correlation
1,16800000000,1.000000,36.270021,0.499977,3.141567,0.000084
2,Value,Occurrences,Fraction
3,0,8400390300,0.500023
3,1,8399609700,0.499977
