0,File-bits,Entropy,Chi-square,Mean,Monte-Carlo-Pi,Serial-Correlation
1,16800000000,1.000000,40.176044,0.499976,3.141660,0.000099
2,Value,Occurrences,Fraction
3,0,8400410779,0.500024
3,1,8399589221,0.499976
