0,File-bits,Entropy,Chi-square,Mean,Monte-Carlo-Pi,Serial-Correlation
1,16800000000,1.000000,66.492599,0.499969,3.141720,0.000100
2,Value,Occurrences,Fraction
3,0,8400528459,0.500031
3,1,8399471541,0.499969
