0,File-bits,Entropy,Chi-square,Mean,Monte-Carlo-Pi,Serial-Correlation
1,16800000000,1.000000,50.424991,0.499973,3.141738,0.000087
2,Value,Occurrences,Fraction
3,0,8400460201,0.500027
3,1,8399539799,0.499973
