0,File-bits,Entropy,Chi-square,Mean,Monte-Carlo-Pi,Serial-Correlation
1,12582912000,1.000000,0.100449,0.500001,3.141362,0.000007329614921
2,Value,Occurrences,Fraction
3,0,6291438224,0.499999
3,1,6291473776,0.500001
