0,File-bits,Entropy,Chi-square,Mean,Monte-Carlo-Pi,Serial-Correlation
1,16777216000,1.000000,53.772809,0.499972,3.141666,0.000091642512805
2,Value,Occurrences,Fraction
3,0,8389082910,0.500028
3,1,8388133090,0.499972
