0,File-bits,Entropy,Chi-square,Mean,Monte-Carlo-Pi,Serial-Correlation
1,12582912000,1.000000,0.039415,0.499999,3.141628,0.000004289941834
2,Value,Occurrences,Fraction
3,0,6291467135,0.500001
3,1,6291444865,0.499999
