0,File-bits,Entropy,Chi-square,Mean,Monte-Carlo-Pi,Serial-Correlation
1,16777216000,1.000000,38.347507,0.499976,3.141604,0.000101922610784
2,Value,Occurrences,Fraction
3,0,8389009050,0.500024
3,1,8388206950,0.499976
