0,File-bits,Entropy,Chi-square,Mean,Monte-Carlo-Pi,Serial-Correlation
1,16777216000,1.000000,62.111689,0.499970,3.141550,0.000099222296147
2,Value,Occurrences,Fraction
3,0,8389118407,0.500030
3,1,8388097593,0.499970
