0,File-bits,Entropy,Chi-square,Mean,Monte-Carlo-Pi,Serial-Correlation
1,16777216000,1.000000,85.017233,0.499964,3.141862,0.000093953310892
2,Value,Occurrences,Fraction
3,0,8389205150,0.500036
3,1,8388010850,0.499964
