0,File-bits,Entropy,Chi-square,Mean,Monte-Carlo-Pi,Serial-Correlation
1,16777216000,1.000000,59.763060,0.499970,3.141800,0.000093596472891
2,Value,Occurrences,Fraction
3,0,8389108664,0.500030
3,1,8388107336,0.499970
