0,File-bits,Entropy,Chi-square,Mean,Monte-Carlo-Pi,Serial-Correlation
1,12582912000,1.000000,3.579178,0.499992,3.141629,0.000004673355487
2,Value,Occurrences,Fraction
3,0,6291562109,0.500008
3,1,6291349891,0.499992
