0,File-bits,Entropy,Chi-square,Mean,Monte-Carlo-Pi,Serial-Correlation
1,16777216000,1.000000,66.770510,0.499968,3.141854,0.000077075078168
2,Value,Occurrences,Fraction
3,0,8389137203,0.500032
3,1,8388078797,0.499968
