0,File-bits,Entropy,Chi-square,Mean,Monte-Carlo-Pi,Serial-Correlation
1,16777216000,1.000000,66.250939,0.499969,3.141700,0.000084807738941
2,Value,Occurrences,Fraction
3,0,8389135140,0.500031
3,1,8388080860,0.499969
