0,File-bits,Entropy,Chi-square,Mean,Monte-Carlo-Pi,Serial-Correlation
1,12582912000,1.000000,2.508803,0.500007,3.141542,-0.000009203792320
2,Value,Occurrences,Fraction
3,0,6291367163,0.499993
3,1,6291544837,0.500007
