0,File-bits,Entropy,Chi-square,Mean,Monte-Carlo-Pi,Serial-Correlation
1,16777216000,1.000000,44.694874,0.499974,3.141788,0.000100518900729
2,Value,Occurrences,Fraction
3,0,8389040971,0.500026
3,1,8388175029,0.499974
