0,File-bits,Entropy,Chi-square,Mean,Monte-Carlo-Pi,Serial-Correlation
1,16777216000,1.000000,66.449914,0.499969,3.141867,0.000092667672410
2,Value,Occurrences,Fraction
3,0,8389135931,0.500031
3,1,8388080069,0.499969
