0,File-bits,Entropy,Chi-square,Mean,Monte-Carlo-Pi,Serial-Correlation
1,12582912000,1.000000,0.037540,0.500001,3.141584,0.000001602487760
2,Value,Occurrences,Fraction
3,0,6291445133,0.499999
3,1,6291466867,0.500001
