0,File-bits,Entropy,Chi-square,Mean,Monte-Carlo-Pi,Serial-Correlation
1,16777216000,1.000000,66.440600,0.499969,3.141778,0.000097903106565
2,Value,Occurrences,Fraction
3,0,8389135894,0.500031
3,1,8388080106,0.499969
