0,File-bits,Entropy,Chi-square,Mean,Monte-Carlo-Pi,Serial-Correlation
1,16777216000,1.000000,57.017418,0.499971,3.141709,0.000097524582633
2,Value,Occurrences,Fraction
3,0,8389097028,0.500029
3,1,8388118972,0.499971
