0,File-bits,Entropy,Chi-square,Mean,Monte-Carlo-Pi,Serial-Correlation
1,16777216000,1.000000,45.655879,0.499974,3.141760,0.000104093930058
2,Value,Occurrences,Fraction
3,0,8389045601,0.500026
3,1,8388170399,0.499974
