0,File-bits,Entropy,Chi-square,Mean,Monte-Carlo-Pi,Serial-Correlation
1,12582912000,1.000000,0.082237,0.499999,3.141668,0.000004823678157
2,Value,Occurrences,Fraction
3,0,6291472084,0.500001
3,1,6291439916,0.499999
