0,File-bits,Entropy,Chi-square,Mean,Monte-Carlo-Pi,Serial-Correlation
1,12582912000,1.000000,2.171891,0.500007,3.141637,-0.000013704790427
2,Value,Occurrences,Fraction
3,0,6291373343,0.499993
3,1,6291538657,0.500007
