0,File-bits,Entropy,Chi-square,Mean,Monte-Carlo-Pi,Serial-Correlation
1,12582912000,1.000000,0.283799,0.499998,3.141538,0.000000040031767
2,Value,Occurrences,Fraction
3,0,6291485879,0.500002
3,1,6291426121,0.499998
