0,File-bits,Entropy,Chi-square,Mean,Monte-Carlo-Pi,Serial-Correlation
1,12582912000,1.000000,0.152227,0.499998,3.141610,0.000000298170072
2,Value,Occurrences,Fraction
3,0,6291477883,0.500002
3,1,6291434117,0.499998
