0,File-bits,Entropy,Chi-square,Mean,Monte-Carlo-Pi,Serial-Correlation
1,12582912000,1.000000,1.314687,0.500005,3.141509,-0.000012058998323
2,Value,Occurrences,Fraction
3,0,6291391691,0.499995
3,1,6291520309,0.500005
