0,File-bits,Entropy,Chi-square,Mean,Monte-Carlo-Pi,Serial-Correlation
1,16777216000,1.000000,58.371079,0.499971,3.141750,0.000098360874335
2,Value,Occurrences,Fraction
3,0,8389102799,0.500029
3,1,8388113201,0.499971
