0,File-bits,Entropy,Chi-square,Mean,Monte-Carlo-Pi,Serial-Correlation
1,16777216000,1.000000,56.558037,0.499971,3.141662,0.000094963040789
2,Value,Occurrences,Fraction
3,0,8389095054,0.500029
3,1,8388120946,0.499971
