0,File-bits,Entropy,Chi-square,Mean,Monte-Carlo-Pi,Serial-Correlation
1,12582912000,1.000000,3.367666,0.500008,3.141799,-0.000016339569705
2,Value,Occurrences,Fraction
3,0,6291353074,0.499992
3,1,6291558926,0.500008
