0,File-bits,Entropy,Chi-square,Mean,Monte-Carlo-Pi,Serial-Correlation
1,12582912000,1.000000,0.004511,0.500000,3.141618,-0.000006695111951
2,Value,Occurrences,Fraction
3,0,6291452233,0.500000
3,1,6291459767,0.500000
