0,File-bits,Entropy,Chi-square,Mean,Monte-Carlo-Pi,Serial-Correlation
1,12582912000,1.000000,1.821096,0.500006,3.141502,-0.000000136520155
2,Value,Occurrences,Fraction
3,0,6291380312,0.499994
3,1,6291531688,0.500006
