0,File-bits,Entropy,Chi-square,Mean,Monte-Carlo-Pi,Serial-Correlation
1,16777216000,1.000000,36.762445,0.499977,3.141661,0.000106742098420
2,Value,Occurrences,Fraction
3,0,8389000674,0.500023
3,1,8388215326,0.499977
