0,File-bits,Entropy,Chi-square,Mean,Monte-Carlo-Pi,Serial-Correlation
1,12582912000,1.000000,2.669384,0.500007,3.141780,-0.000002776993862
2,Value,Occurrences,Fraction
3,0,6291364364,0.499993
3,1,6291547636,0.500007
