0,File-bits,Entropy,Chi-square,Mean,Monte-Carlo-Pi,Serial-Correlation
1,12582912000,1.000000,0.956384,0.500004,3.141610,-0.000010340448729
2,Value,Occurrences,Fraction
3,0,6291401150,0.499996
3,1,6291510850,0.500004
