0,File-bits,Entropy,Chi-square,Mean,Monte-Carlo-Pi,Serial-Correlation
1,16777216000,1.000000,100.396150,0.499961,3.141851,0.000105819679169
2,Value,Occurrences,Fraction
3,0,8389256916,0.500039
3,1,8387959084,0.499961
