0,File-bits,Entropy,Chi-square,Mean,Monte-Carlo-Pi,Serial-Correlation
1,16777216000,1.000000,58.150214,0.499971,3.141764,0.000084522119445
2,Value,Occurrences,Fraction
3,0,8389101862,0.500029
3,1,8388114138,0.499971
