0,File-bits,Entropy,Chi-square,Mean,Monte-Carlo-Pi,Serial-Correlation
1,16777216000,1.000000,62.194466,0.499970,3.141670,0.000108841765660
2,Value,Occurrences,Fraction
3,0,8389118747,0.500030
3,1,8388097253,0.499970
