0,File-bits,Entropy,Chi-square,Mean,Monte-Carlo-Pi,Serial-Correlation
1,16777216000,1.000000,42.645678,0.499975,3.141786,0.000119162402117
2,Value,Occurrences,Fraction
3,0,8389030929,0.500025
3,1,8388185071,0.499975
