0,File-bits,Entropy,Chi-square,Mean,Monte-Carlo-Pi,Serial-Correlation
1,12582912000,1.000000,0.462497,0.499997,3.141512,-0.000010774013400
2,Value,Occurrences,Fraction
3,0,6291494143,0.500003
3,1,6291417857,0.499997
