0,File-bits,Entropy,Chi-square,Mean,Monte-Carlo-Pi,Serial-Correlation
1,16777216000,1.000000,57.543529,0.499971,3.141641,0.000102156309029
2,Value,Occurrences,Fraction
3,0,8389099279,0.500029
3,1,8388116721,0.499971
