0,File-bits,Entropy,Chi-square,Mean,Monte-Carlo-Pi,Serial-Correlation
1,12582912000,1.000000,1.160679,0.500005,3.141548,0.000015211648888
2,Value,Occurrences,Fraction
3,0,6291395575,0.499995
3,1,6291516425,0.500005
