0,File-bits,Entropy,Chi-square,Mean,Monte-Carlo-Pi,Serial-Correlation
1,16777216000,1.000000,60.649163,0.499970,3.141611,0.000086519441371
2,Value,Occurrences,Fraction
3,0,8389112362,0.500030
3,1,8388103638,0.499970
