0,File-bits,Entropy,Chi-square,Mean,Monte-Carlo-Pi,Serial-Correlation
1,16777216000,1.000000,89.583296,0.499963,3.141670,0.000093457128112
2,Value,Occurrences,Fraction
3,0,8389220976,0.500037
3,1,8387995024,0.499963
