0,File-bits,Entropy,Chi-square,Mean,Monte-Carlo-Pi,Serial-Correlation
1,16777216000,1.000000,46.445090,0.499974,3.141739,0.000088084790647
2,Value,Occurrences,Fraction
3,0,8389049367,0.500026
3,1,8388166633,0.499974
