0,File-bits,Entropy,Chi-square,Mean,Monte-Carlo-Pi,Serial-Correlation
1,12582912000,1.000000,0.780299,0.499996,3.141572,0.000010587948140
2,Value,Occurrences,Fraction
3,0,6291505544,0.500004
3,1,6291406456,0.499996
