0,File-bits,Entropy,Chi-square,Mean,Monte-Carlo-Pi,Serial-Correlation
1,12582912000,1.000000,0.919058,0.500004,3.141462,0.000013537333882
2,Value,Occurrences,Fraction
3,0,6291402231,0.499996
3,1,6291509769,0.500004
