0,File-bits,Entropy,Chi-square,Mean,Monte-Carlo-Pi,Serial-Correlation
1,12582912000,1.000000,0.553229,0.500003,3.141604,0.000003770466389
2,Value,Occurrences,Fraction
3,0,6291414283,0.499997
3,1,6291497717,0.500003
