0,File-bits,Entropy,Chi-square,Mean,Monte-Carlo-Pi,Serial-Correlation
1,16777216000,1.000000,46.182807,0.499974,3.141876,0.000098399270877
2,Value,Occurrences,Fraction
3,0,8389048119,0.500026
3,1,8388167881,0.499974
