0,File-bits,Entropy,Chi-square,Mean,Monte-Carlo-Pi,Serial-Correlation
1,12582912000,1.000000,1.215361,0.500005,3.141613,0.000011036140494
2,Value,Occurrences,Fraction
3,0,6291394168,0.499995
3,1,6291517832,0.500005
