0,File-bits,Entropy,Chi-square,Mean,Monte-Carlo-Pi,Serial-Correlation
1,12582912000,1.000000,2.069393,0.499994,3.141454,-0.000001645570548
2,Value,Occurrences,Fraction
3,0,6291536683,0.500006
3,1,6291375317,0.499994
