0,File-bits,Entropy,Chi-square,Mean,Monte-Carlo-Pi,Serial-Correlation
1,16777216000,1.000000,74.933983,0.499967,3.141690,0.000101241891003
2,Value,Occurrences,Fraction
3,0,8389168621,0.500033
3,1,8388047379,0.499967
