0,File-bits,Entropy,Chi-square,Mean,Monte-Carlo-Pi,Serial-Correlation
1,16777216000,1.000000,66.214246,0.499969,3.141664,0.000096546756753
2,Value,Occurrences,Fraction
3,0,8389134994,0.500031
3,1,8388081006,0.499969
