0,File-bits,Entropy,Chi-square,Mean,Monte-Carlo-Pi,Serial-Correlation
1,12582912000,1.000000,1.106580,0.499995,3.141442,0.000001946997120
2,Value,Occurrences,Fraction
3,0,6291515000,0.500005
3,1,6291397000,0.499995
