0,File-bits,Entropy,Chi-square,Mean,Monte-Carlo-Pi,Serial-Correlation
1,12582912000,1.000000,0.110582,0.500001,3.141430,0.000000668834799
2,Value,Occurrences,Fraction
3,0,6291437349,0.499999
3,1,6291474651,0.500001
