0,File-bits,Entropy,Chi-square,Mean,Monte-Carlo-Pi,Serial-Correlation
1,16777216000,1.000000,47.464409,0.499973,3.141524,0.000105888398922
2,Value,Occurrences,Fraction
3,0,8389054184,0.500027
3,1,8388161816,0.499973
