0,File-bits,Entropy,Chi-square,Mean,Monte-Carlo-Pi,Serial-Correlation
1,12582912000,1.000000,3.943391,0.499991,3.141592,0.000012086554897
2,Value,Occurrences,Fraction
3,0,6291567377,0.500009
3,1,6291344623,0.499991
