0,File-bits,Entropy,Chi-square,Mean,Monte-Carlo-Pi,Serial-Correlation
1,12582912000,1.000000,0.196210,0.499998,3.141779,-0.000011664724049
2,Value,Occurrences,Fraction
3,0,6291480844,0.500002
3,1,6291431156,0.499998
