0,File-bits,Entropy,Chi-square,Mean,Monte-Carlo-Pi,Serial-Correlation
1,16777216000,1.000000,40.740308,0.499975,3.141700,0.000098789648039
2,Value,Occurrences,Fraction
3,0,8389021373,0.500025
3,1,8388194627,0.499975
