0,File-bits,Entropy,Chi-square,Mean,Monte-Carlo-Pi,Serial-Correlation
1,16777216000,1.000000,42.153423,0.499975,3.141669,0.000122379413351
2,Value,Occurrences,Fraction
3,0,8389028481,0.500025
3,1,8388187519,0.499975
