0,File-bits,Entropy,Chi-square,Mean,Monte-Carlo-Pi,Serial-Correlation
1,16777216000,1.000000,75.699677,0.499966,3.141738,0.000090440768431
2,Value,Occurrences,Fraction
3,0,8389171478,0.500034
3,1,8388044522,0.499966
