0,File-bits,Entropy,Chi-square,Mean,Monte-Carlo-Pi,Serial-Correlation
1,12582912000,1.000000,0.020021,0.499999,3.141658,0.000006256419816
2,Value,Occurrences,Fraction
3,0,6291463936,0.500001
3,1,6291448064,0.499999
