0,File-bits,Entropy,Chi-square,Mean,Monte-Carlo-Pi,Serial-Correlation
1,16777216000,1.000000,42.509862,0.499975,3.141616,0.000111547797613
2,Value,Occurrences,Fraction
3,0,8389030255,0.500025
3,1,8388185745,0.499975
