0,File-bits,Entropy,Chi-square,Mean,Monte-Carlo-Pi,Serial-Correlation
1,12582912000,1.000000,1.810813,0.500006,3.141599,0.000004425222810
2,Value,Occurrences,Fraction
3,0,6291380526,0.499994
3,1,6291531474,0.500006
