0,File-bits,Entropy,Chi-square,Mean,Monte-Carlo-Pi,Serial-Correlation
1,16777216000,1.000000,53.166947,0.499972,3.141671,0.000099439074894
2,Value,Occurrences,Fraction
3,0,8389080227,0.500028
3,1,8388135773,0.499972
