0,File-bits,Entropy,Chi-square,Mean,Monte-Carlo-Pi,Serial-Correlation
1,16777216000,1.000000,52.311597,0.499972,3.141659,0.000110591631781
2,Value,Occurrences,Fraction
3,0,8389076413,0.500028
3,1,8388139587,0.499972
