0,File-bits,Entropy,Chi-square,Mean,Monte-Carlo-Pi,Serial-Correlation
1,16777216000,1.000000,65.059868,0.499969,3.141698,0.000108329948615
2,Value,Occurrences,Fraction
3,0,8389130380,0.500031
3,1,8388085620,0.499969
