0,File-bits,Entropy,Chi-square,Mean,Monte-Carlo-Pi,Serial-Correlation
1,16777216000,1.000000,72.032217,0.499967,3.141773,0.000111138103949
2,Value,Occurrences,Fraction
3,0,8389157659,0.500033
3,1,8388058341,0.499967
