0,File-bits,Entropy,Chi-square,Mean,Monte-Carlo-Pi,Serial-Correlation
1,16777216000,1.000000,75.900250,0.499966,3.141740,0.000093873268776
2,Value,Occurrences,Fraction
3,0,8389172224,0.500034
3,1,8388043776,0.499966
