0,File-bits,Entropy,Chi-square,Mean,Monte-Carlo-Pi,Serial-Correlation
1,16777216000,1.000000,53.114944,0.499972,3.141611,0.000111279183088
2,Value,Occurrences,Fraction
3,0,8389079996,0.500028
3,1,8388136004,0.499972
