0,File-bits,Entropy,Chi-square,Mean,Monte-Carlo-Pi,Serial-Correlation
1,16777216000,1.000000,24.726334,0.499981,3.141563,0.000105894522445
2,Value,Occurrences,Fraction
3,0,8388930040,0.500019
3,1,8388285960,0.499981
