0,File-bits,Entropy,Chi-square,Mean,Monte-Carlo-Pi,Serial-Correlation
1,12582912000,1.000000,0.151463,0.500002,3.141622,-0.000017790488519
2,Value,Occurrences,Fraction
3,0,6291434172,0.499998
3,1,6291477828,0.500002
