0,File-bits,Entropy,Chi-square,Mean,Monte-Carlo-Pi,Serial-Correlation
1,16777216000,1.000000,71.132120,0.499967,3.141768,0.000105770878518
2,Value,Occurrences,Fraction
3,0,8389154214,0.500033
3,1,8388061786,0.499967
