0,File-bits,Entropy,Chi-square,Mean,Monte-Carlo-Pi,Serial-Correlation
1,12582912000,1.000000,0.205964,0.500002,3.141716,0.000006525976979
2,Value,Occurrences,Fraction
3,0,6291430546,0.499998
3,1,6291481454,0.500002
