0,File-bits,Entropy,Chi-square,Mean,Monte-Carlo-Pi,Serial-Correlation
1,16777216000,1.000000,83.757956,0.499965,3.141761,0.000105799451524
2,Value,Occurrences,Fraction
3,0,8389200711,0.500035
3,1,8388015289,0.499965
