0,File-bits,Entropy,Chi-square,Mean,Monte-Carlo-Pi,Serial-Correlation
1,16777216000,1.000000,81.783432,0.499965,3.141663,0.000096424235371
2,Value,Occurrences,Fraction
3,0,8389193683,0.500035
3,1,8388022317,0.499965
