0,File-bits,Entropy,Chi-square,Mean,Monte-Carlo-Pi,Serial-Correlation
1,16777216000,1.000000,48.984410,0.499973,3.141720,0.000099135102060
2,Value,Occurrences,Fraction
3,0,8389061272,0.500027
3,1,8388154728,0.499973
