0,File-bits,Entropy,Chi-square,Mean,Monte-Carlo-Pi,Serial-Correlation
1,16777216000,1.000000,32.812634,0.499978,3.141608,0.000094347905544
2,Value,Occurrences,Fraction
3,0,8388978980,0.500022
3,1,8388237020,0.499978
