0,File-bits,Entropy,Chi-square,Mean,Monte-Carlo-Pi,Serial-Correlation
1,12582912000,1.000000,1.268570,0.499995,3.141758,0.000003658511753
2,Value,Occurrences,Fraction
3,0,6291519171,0.500005
3,1,6291392829,0.499995
