0,File-bits,Entropy,Chi-square,Mean,Monte-Carlo-Pi,Serial-Correlation
1,12582912000,1.000000,0.250867,0.499998,3.141470,-0.000005225837300
2,Value,Occurrences,Fraction
3,0,6291484092,0.500002
3,1,6291427908,0.499998
