0,File-bits,Entropy,Chi-square,Mean,Monte-Carlo-Pi,Serial-Correlation
1,12582912000,1.000000,0.026620,0.500001,3.141507,0.000009964940817
2,Value,Occurrences,Fraction
3,0,6291446849,0.499999
3,1,6291465151,0.500001
