0,File-bits,Entropy,Chi-square,Mean,Monte-Carlo-Pi,Serial-Correlation
1,12582912000,1.000000,0.570819,0.499997,3.141705,-0.000008379663692
2,Value,Occurrences,Fraction
3,0,6291498375,0.500003
3,1,6291413625,0.499997
