0,File-bits,Entropy,Chi-square,Mean,Monte-Carlo-Pi,Serial-Correlation
1,16777216000,1.000000,56.066748,0.499971,3.141638,0.000097932335063
2,Value,Occurrences,Fraction
3,0,8389092934,0.500029
3,1,8388123066,0.499971
