0,File-bits,Entropy,Chi-square,Mean,Monte-Carlo-Pi,Serial-Correlation
1,16777216000,1.000000,77.626993,0.499966,3.141833,0.000104350708789
2,Value,Occurrences,Fraction
3,0,8389178606,0.500034
3,1,8388037394,0.499966
