0,File-bits,Entropy,Chi-square,Mean,Monte-Carlo-Pi,Serial-Correlation
1,12582912000,1.000000,0.536019,0.500003,3.141541,0.000007574356714
2,Value,Occurrences,Fraction
3,0,6291414937,0.499997
3,1,6291497063,0.500003
