0,File-bits,Entropy,Chi-square,Mean,Monte-Carlo-Pi,Serial-Correlation
1,12582912000,1.000000,7.084058,0.500012,3.141497,0.000002998424845
2,Value,Occurrences,Fraction
3,0,6291306720,0.499988
3,1,6291605280,0.500012
