0,File-bits,Entropy,Chi-square,Mean,Monte-Carlo-Pi,Serial-Correlation
1,16777216000,1.000000,60.086984,0.499970,3.141609,0.000100559945050
2,Value,Occurrences,Fraction
3,0,8389110019,0.500030
3,1,8388105981,0.499970
