0,File-bits,Entropy,Chi-square,Mean,Monte-Carlo-Pi,Serial-Correlation
1,16777216000,1.000000,81.675946,0.499965,3.141732,0.000108467956359
2,Value,Occurrences,Fraction
3,0,8389193298,0.500035
3,1,8388022702,0.499965
