0,File-bits,Entropy,Chi-square,Mean,Monte-Carlo-Pi,Serial-Correlation
1,16777216000,1.000000,93.654528,0.499963,3.141760,0.000098402878922
2,Value,Occurrences,Fraction
3,0,8389234750,0.500037
3,1,8387981250,0.499963
