0,File-bits,Entropy,Chi-square,Mean,Monte-Carlo-Pi,Serial-Correlation
1,12582912000,1.000000,1.028811,0.499995,3.141628,-0.000003415507381
2,Value,Occurrences,Fraction
3,0,6291512889,0.500005
3,1,6291399111,0.499995
