0,File-bits,Entropy,Chi-square,Mean,Monte-Carlo-Pi,Serial-Correlation
1,12582912000,1.000000,0.045289,0.499999,3.141613,0.000004555698610
2,Value,Occurrences,Fraction
3,0,6291467936,0.500001
3,1,6291444064,0.499999
