0,File-bits,Entropy,Chi-square,Mean,Monte-Carlo-Pi,Serial-Correlation
1,16777216000,1.000000,60.593621,0.499970,3.141651,0.000100395882872
2,Value,Occurrences,Fraction
3,0,8389112131,0.500030
3,1,8388103869,0.499970
