0,File-bits,Entropy,Chi-square,Mean,Monte-Carlo-Pi,Serial-Correlation
1,12582912000,1.000000,4.792425,0.500010,3.141550,0.000015197690936
2,Value,Occurrences,Fraction
3,0,6291333217,0.499990
3,1,6291578783,0.500010
