0,File-bits,Entropy,Chi-square,Mean,Monte-Carlo-Pi,Serial-Correlation
1,16777216000,1.000000,75.375987,0.499966,3.141657,0.000099422492475
2,Value,Occurrences,Fraction
3,0,8389170272,0.500034
3,1,8388045728,0.499966
