0,File-bits,Entropy,Chi-square,Mean,Monte-Carlo-Pi,Serial-Correlation
1,12582912000,1.000000,2.971215,0.499992,3.141707,0.000003694298172
2,Value,Occurrences,Fraction
3,0,6291552678,0.500008
3,1,6291359322,0.499992
