0,File-bits,Entropy,Chi-square,Mean,Monte-Carlo-Pi,Serial-Correlation
1,12582912000,1.000000,2.168897,0.499993,3.141696,0.000004049764563
2,Value,Occurrences,Fraction
3,0,6291538600,0.500007
3,1,6291373400,0.499993
