0,File-bits,Entropy,Chi-square,Mean,Monte-Carlo-Pi,Serial-Correlation
1,16777216000,1.000000,32.850854,0.499978,3.141737,0.000108281085056
2,Value,Occurrences,Fraction
3,0,8388979196,0.500022
3,1,8388236804,0.499978
