0,File-bits,Entropy,Chi-square,Mean,Monte-Carlo-Pi,Serial-Correlation
1,16777216000,1.000000,83.875853,0.499965,3.141660,0.000088850029206
2,Value,Occurrences,Fraction
3,0,8389201128,0.500035
3,1,8388014872,0.499965
