0,File-bits,Entropy,Chi-square,Mean,Monte-Carlo-Pi,Serial-Correlation
1,12582912000,1.000000,0.268380,0.500002,3.141567,0.000011715231865
2,Value,Occurrences,Fraction
3,0,6291426944,0.499998
3,1,6291485056,0.500002
