0,File-bits,Entropy,Chi-square,Mean,Monte-Carlo-Pi,Serial-Correlation
1,12582912000,1.000000,0.040584,0.499999,3.141504,0.000002180732045
2,Value,Occurrences,Fraction
3,0,6291467299,0.500001
3,1,6291444701,0.499999
