0,File-bits,Entropy,Chi-square,Mean,Monte-Carlo-Pi,Serial-Correlation
1,16777216000,1.000000,78.398359,0.499966,3.141617,0.000093065119322
2,Value,Occurrences,Fraction
3,0,8389181434,0.500034
3,1,8388034566,0.499966
