0,File-bits,Entropy,Chi-square,Mean,Monte-Carlo-Pi,Serial-Correlation
1,16777216000,1.000000,73.060929,0.499967,3.141722,0.000104826387568
2,Value,Occurrences,Fraction
3,0,8389161570,0.500033
3,1,8388054430,0.499967
