0,File-bits,Entropy,Chi-square,Mean,Monte-Carlo-Pi,Serial-Correlation
1,12582912000,1.000000,0.211044,0.500002,3.141609,0.000005409541842
2,Value,Occurrences,Fraction
3,0,6291430234,0.499998
3,1,6291481766,0.500002
