0,File-bits,Entropy,Chi-square,Mean,Monte-Carlo-Pi,Serial-Correlation
1,12582912000,1.000000,0.101117,0.499999,3.141492,0.000001728367717
2,Value,Occurrences,Fraction
3,0,6291473835,0.500001
3,1,6291438165,0.499999
