0,File-bits,Entropy,Chi-square,Mean,Monte-Carlo-Pi,Serial-Correlation
1,12582912000,1.000000,0.052581,0.499999,3.141589,-0.000000167215076
2,Value,Occurrences,Fraction
3,0,6291468861,0.500001
3,1,6291443139,0.499999
