0,File-bits,Entropy,Chi-square,Mean,Monte-Carlo-Pi,Serial-Correlation
1,12582912000,1.000000,0.810960,0.500004,3.141476,-0.000003535335140
2,Value,Occurrences,Fraction
3,0,6291405492,0.499996
3,1,6291506508,0.500004
