0,File-bits,Entropy,Chi-square,Mean,Monte-Carlo-Pi,Serial-Correlation
1,12582912000,1.000000,0.545854,0.500003,3.141616,0.000007714546057
2,Value,Occurrences,Fraction
3,0,6291414562,0.499997
3,1,6291497438,0.500003
