0,File-bits,Entropy,Chi-square,Mean,Monte-Carlo-Pi,Serial-Correlation
1,12582912000,1.000000,3.913213,0.499991,3.141725,0.000006633129661
2,Value,Occurrences,Fraction
3,0,6291566950,0.500009
3,1,6291345050,0.499991
