0,File-bits,Entropy,Chi-square,Mean,Monte-Carlo-Pi,Serial-Correlation
1,16777216000,1.000000,38.672912,0.499976,3.141627,0.000101884921254
2,Value,Occurrences,Fraction
3,0,8389010748,0.500024
3,1,8388205252,0.499976
