0,File-bits,Entropy,Chi-square,Mean,Monte-Carlo-Pi,Serial-Correlation
1,16777216000,1.000000,49.301345,0.499973,3.141604,0.000097170990911
2,Value,Occurrences,Fraction
3,0,8389062736,0.500027
3,1,8388153264,0.499973
