0,File-bits,Entropy,Chi-square,Mean,Monte-Carlo-Pi,Serial-Correlation
1,12582912000,1.000000,0.031516,0.500001,3.141608,0.000007577893614
2,Value,Occurrences,Fraction
3,0,6291446043,0.499999
3,1,6291465957,0.500001
