0,File-bits,Entropy,Chi-square,Mean,Monte-Carlo-Pi,Serial-Correlation
1,12582912000,1.000000,3.797895,0.499991,3.141592,-0.000000103934439
2,Value,Occurrences,Fraction
3,0,6291565303,0.500009
3,1,6291346697,0.499991
