0,File-bits,Entropy,Chi-square,Mean,Monte-Carlo-Pi,Serial-Correlation
1,12582912000,1.000000,5.652308,0.499989,3.141392,-0.000012055528353
2,Value,Occurrences,Fraction
3,0,6291589344,0.500011
3,1,6291322656,0.499989
