0,File-bits,Entropy,Chi-square,Mean,Monte-Carlo-Pi,Serial-Correlation
1,12582912000,1.000000,0.003152,0.500000,3.141732,0.000000437100478
2,Value,Occurrences,Fraction
3,0,6291452851,0.500000
3,1,6291459149,0.500000
