0,File-bits,Entropy,Chi-square,Mean,Monte-Carlo-Pi,Serial-Correlation,
1,137438953472,1,469.22924,0.499971,3.14165,9.7811446297E-05,36.2614029207
2,Value,Occurrences,Fraction,,,,
3,0,68723492031,0.500029,,,,
3,1,68715461441,0.499971,,,,
