0,File-bits,Entropy,Chi-square,Mean,Monte-Carlo-Pi,Serial-Correlation
1,16777216000,1.000000,33.429516,0.499978,3.141760,0.000093027268266
2,Value,Occurrences,Fraction
3,0,8388982451,0.500022
3,1,8388233549,0.499978
