0,File-bits,Entropy,Chi-square,Mean,Monte-Carlo-Pi,Serial-Correlation
1,16777216000,1.000000,72.822765,0.499967,3.141766,0.000096816014307
2,Value,Occurrences,Fraction
3,0,8389160667,0.500033
3,1,8388055333,0.499967
