0,File-bits,Entropy,Chi-square,Mean,Monte-Carlo-Pi,Serial-Correlation
1,12582912000,1.000000,0.005010,0.500000,3.141330,-0.000002359390657
2,Value,Occurrences,Fraction
3,0,6291459970,0.500000
3,1,6291452030,0.500000
