0,File-bits,Entropy,Chi-square,Mean,Monte-Carlo-Pi,Serial-Correlation
1,16777216000,1.000000,81.827843,0.499965,3.141709,0.000122191320786
2,Value,Occurrences,Fraction
3,0,8389193842,0.500035
3,1,8388022158,0.499965
