0,File-bits,Entropy,Chi-square,Mean,Monte-Carlo-Pi,Serial-Correlation
1,12582912000,1.000000,2.680640,0.499993,3.141621,0.000007062381059
2,Value,Occurrences,Fraction
3,0,6291547829,0.500007
3,1,6291364171,0.499993
