0,File-bits,Entropy,Chi-square,Mean,Monte-Carlo-Pi,Serial-Correlation
1,16800000000,1.000000,104.257767,0.499961,3.141749,0.000008387841852
2,Value,Occurrences,Fraction
3,0,8400661727,0.500039
3,1,8399338273,0.499961
