0,File-bits,Entropy,Chi-square,Mean,Monte-Carlo-Pi,Serial-Correlation
1,16800000000,1.000000,106.857663,0.499960,3.141868,0.000014571972851
2,Value,Occurrences,Fraction
3,0,8400669927,0.500040
3,1,8399330073,0.499960
