0,File-bits,Entropy,Chi-square,Mean,Monte-Carlo-Pi,Serial-Correlation
1,16800000000,1.000000,45.899332,0.499974,3.141761,-0.000001139160678
2,Value,Occurrences,Fraction
3,0,8400439064,0.500026
3,1,8399560936,0.499974
