0,File-bits,Entropy,Chi-square,Mean,Monte-Carlo-Pi,Serial-Correlation
1,12600000000,1.000000,1.697963,0.500006,3.141574,0.000002333198575
2,Value,Occurrences,Fraction
3,0,6299926866,0.499994
3,1,6300073134,0.500006
