0,File-bits,Entropy,Chi-square,Mean,Monte-Carlo-Pi,Serial-Correlation
1,12600000000,1.000000,0.597680,0.499997,3.141673,-0.000014284491880
2,Value,Occurrences,Fraction
3,0,6300043390,0.500003
3,1,6299956610,0.499997
