0,File-bits,Entropy,Chi-square,Mean,Monte-Carlo-Pi,Serial-Correlation
1,16800000000,1.000000,53.957774,0.499972,3.141874,-0.000002983926068
2,Value,Occurrences,Fraction
3,0,8400476049,0.500028
3,1,8399523951,0.499972
