0,File-bits,Entropy,Chi-square,Mean,Monte-Carlo-Pi,Serial-Correlation
1,16800000000,1.000000,53.252143,0.499972,3.141770,0.000007643496920
2,Value,Occurrences,Fraction
3,0,8400472926,0.500028
3,1,8399527074,0.499972
