0,File-bits,Entropy,Chi-square,Mean,Monte-Carlo-Pi,Serial-Correlation
1,12600000000,1.000000,0.098236,0.499999,3.141385,0.000012532373156
2,Value,Occurrences,Fraction
3,0,6300017591,0.500001
3,1,6299982409,0.499999
