0,File-bits,Entropy,Chi-square,Mean,Monte-Carlo-Pi,Serial-Correlation
1,12600000000,1.000000,2.096095,0.500006,3.141472,-0.000002287467944
2,Value,Occurrences,Fraction
3,0,6299918743,0.499994
3,1,6300081257,0.500006
