0,File-bits,Entropy,Chi-square,Mean,Monte-Carlo-Pi,Serial-Correlation
1,12600000000,1.000000,1.096928,0.499995,3.141617,0.000005296420879
2,Value,Occurrences,Fraction
3,0,6300058782,0.500005
3,1,6299941218,0.499995
