0,File-bits,Entropy,Chi-square,Mean,Monte-Carlo-Pi,Serial-Correlation
1,16800000000,1.000000,100.354264,0.499961,3.141769,0.000017203550444
2,Value,Occurrences,Fraction
3,0,8400649221,0.500039
3,1,8399350779,0.499961
