0,File-bits,Entropy,Chi-square,Mean,Monte-Carlo-Pi,Serial-Correlation
1,12600000000,1.000000,0.113844,0.499998,3.141716,-0.000004535882051
2,Value,Occurrences,Fraction
3,0,6300018937,0.500002
3,1,6299981063,0.499998
