0,File-bits,Entropy,Chi-square,Mean,Monte-Carlo-Pi,Serial-Correlation
1,16800000000,1.000000,83.600058,0.499965,3.141711,0.000011146690528
2,Value,Occurrences,Fraction
3,0,8400592554,0.500035
3,1,8399407446,0.499965
