0,File-bits,Entropy,Chi-square,Mean,Monte-Carlo-Pi,Serial-Correlation
1,12600000000,1.000000,4.500468,0.499991,3.141462,-0.000000352103212
2,Value,Occurrences,Fraction
3,0,6300119065,0.500009
3,1,6299880935,0.499991
