0,File-bits,Entropy,Chi-square,Mean,Monte-Carlo-Pi,Serial-Correlation
1,16800000000,1.000000,106.029521,0.499960,3.141773,0.000009041069728
2,Value,Occurrences,Fraction
3,0,8400667326,0.500040
3,1,8399332674,0.499960
