0,File-bits,Entropy,Chi-square,Mean,Monte-Carlo-Pi,Serial-Correlation
1,12600000000,1.000000,0.236548,0.499998,3.141504,0.000007782520909
2,Value,Occurrences,Fraction
3,0,6300027297,0.500002
3,1,6299972703,0.499998
