0,File-bits,Entropy,Chi-square,Mean,Monte-Carlo-Pi,Serial-Correlation
1,12600000000,1.000000,0.532298,0.499997,3.141684,0.000007347259342
2,Value,Occurrences,Fraction
3,0,6300040948,0.500003
3,1,6299959052,0.499997
