0,File-bits,Entropy,Chi-square,Mean,Monte-Carlo-Pi,Serial-Correlation
1,16800000000,1.000000,60.993244,0.499970,3.141697,0.000005207798040
2,Value,Occurrences,Fraction
3,0,8400506134,0.500030
3,1,8399493866,0.499970
