0,File-bits,Entropy,Chi-square,Mean,Monte-Carlo-Pi,Serial-Correlation
1,12600000000,1.000000,0.054596,0.499999,3.141403,-0.000006568575762
2,Value,Occurrences,Fraction
3,0,6300013114,0.500001
3,1,6299986886,0.499999
