0,File-bits,Entropy,Chi-square,Mean,Monte-Carlo-Pi,Serial-Correlation
1,12600000000,1.000000,2.851103,0.500008,3.141522,-0.000000842131040
2,Value,Occurrences,Fraction
3,0,6299905232,0.499992
3,1,6300094768,0.500008
