0,File-bits,Entropy,Chi-square,Mean,Monte-Carlo-Pi,Serial-Correlation
1,16800000000,1.000000,58.274247,0.499971,3.141751,0.000019302721838
2,Value,Occurrences,Fraction
3,0,8400494724,0.500029
3,1,8399505276,0.499971
