0,File-bits,Entropy,Chi-square,Mean,Monte-Carlo-Pi,Serial-Correlation
1,16800000000,1.000000,68.173524,0.499968,3.141777,0.000007396656368
2,Value,Occurrences,Fraction
3,0,8400535097,0.500032
3,1,8399464903,0.499968
