0,File-bits,Entropy,Chi-square,Mean,Monte-Carlo-Pi,Serial-Correlation
1,12600000000,1.000000,5.178782,0.499990,3.141628,-0.000016497553878
2,Value,Occurrences,Fraction
3,0,6300127723,0.500010
3,1,6299872277,0.499990
