0,File-bits,Entropy,Chi-square,Mean,Monte-Carlo-Pi,Serial-Correlation
1,16800000000,1.000000,52.603296,0.499972,3.141651,0.000007895440305
2,Value,Occurrences,Fraction
3,0,8400470036,0.500028
3,1,8399529964,0.499972
