0,File-bits,Entropy,Chi-square,Mean,Monte-Carlo-Pi,Serial-Correlation
1,12600000000,1.000000,0.002448,0.500000,3.141616,-0.000012435873210
2,Value,Occurrences,Fraction
3,0,6299997223,0.500000
3,1,6300002777,0.500000
