0,File-bits,Entropy,Chi-square,Mean,Monte-Carlo-Pi,Serial-Correlation
1,16800000000,1.000000,54.174026,0.499972,3.141785,0.000003387965843
2,Value,Occurrences,Fraction
3,0,8400477002,0.500028
3,1,8399522998,0.499972
