0,File-bits,Entropy,Chi-square,Mean,Monte-Carlo-Pi,Serial-Correlation
1,16800000000,1.000000,75.726937,0.499966,3.141754,0.000007967635337
2,Value,Occurrences,Fraction
3,0,8400563962,0.500034
3,1,8399436038,0.499966
