0,File-bits,Entropy,Chi-square,Mean,Monte-Carlo-Pi,Serial-Correlation
1,12600000000,1.000000,4.886625,0.499990,3.141622,0.000004600564555
2,Value,Occurrences,Fraction
3,0,6300124068,0.500010
3,1,6299875932,0.499990
