0,File-bits,Entropy,Chi-square,Mean,Monte-Carlo-Pi,Serial-Correlation
1,16800000000,1.000000,77.865002,0.499966,3.141826,0.000000380603275
2,Value,Occurrences,Fraction
3,0,8400571868,0.500034
3,1,8399428132,0.499966
