0,File-bits,Entropy,Chi-square,Mean,Monte-Carlo-Pi,Serial-Correlation
1,16800000000,1.000000,32.908726,0.499978,3.141601,0.000004856850681
2,Value,Occurrences,Fraction
3,0,8400371775,0.500022
3,1,8399628225,0.499978
