0,File-bits,Entropy,Chi-square,Mean,Monte-Carlo-Pi,Serial-Correlation
1,12600000000,1.000000,0.561601,0.500003,3.141665,-0.000005314012826
2,Value,Occurrences,Fraction
3,0,6299957940,0.499997
3,1,6300042060,0.500003
