0,File-bits,Entropy,Chi-square,Mean,Monte-Carlo-Pi,Serial-Correlation
1,16800000000,1.000000,47.177633,0.499974,3.141800,0.000007426239447
2,Value,Occurrences,Fraction
3,0,8400445136,0.500026
3,1,8399554864,0.499974
