0,File-bits,Entropy,Chi-square,Mean,Monte-Carlo-Pi,Serial-Correlation
1,16800000000,1.000000,79.562802,0.499966,3.141810,0.000009266930830
2,Value,Occurrences,Fraction
3,0,8400578069,0.500034
3,1,8399421931,0.499966
