0,File-bits,Entropy,Chi-square,Mean,Monte-Carlo-Pi,Serial-Correlation
1,12600000000,1.000000,0.004750,0.500000,3.141621,-0.000000437460695
2,Value,Occurrences,Fraction
3,0,6299996132,0.500000
3,1,6300003868,0.500000
