0,File-bits,Entropy,Chi-square,Mean,Monte-Carlo-Pi,Serial-Correlation
1,16800000000,1.000000,85.142670,0.499964,3.141796,0.000006742312970
2,Value,Occurrences,Fraction
3,0,8400597996,0.500036
3,1,8399402004,0.499964
