0,File-bits,Entropy,Chi-square,Mean,Monte-Carlo-Pi,Serial-Correlation
1,12600000000,1.000000,0.299964,0.499998,3.141574,-0.000006913674601
2,Value,Occurrences,Fraction
3,0,6300030739,0.500002
3,1,6299969261,0.499998
