0,File-bits,Entropy,Chi-square,Mean,Monte-Carlo-Pi,Serial-Correlation
1,12600000000,1.000000,0.641544,0.499996,3.141774,-0.000003624812821
2,Value,Occurrences,Fraction
3,0,6300044954,0.500004
3,1,6299955046,0.499996
