0,File-bits,Entropy,Chi-square,Mean,Monte-Carlo-Pi,Serial-Correlation
1,12600000000,1.000000,4.801920,0.499990,3.141759,-0.000007395619203
2,Value,Occurrences,Fraction
3,0,6300122988,0.500010
3,1,6299877012,0.499990
