0,File-bits,Entropy,Chi-square,Mean,Monte-Carlo-Pi,Serial-Correlation
1,16800000000,1.000000,70.565906,0.499968,3.141657,0.000007653656824
2,Value,Occurrences,Fraction
3,0,8400544405,0.500032
3,1,8399455595,0.499968
