0,File-bits,Entropy,Chi-square,Mean,Monte-Carlo-Pi,Serial-Correlation
1,16800000000,1.000000,66.216577,0.499969,3.141771,0.000005520344273
2,Value,Occurrences,Fraction
3,0,8400527361,0.500031
3,1,8399472639,0.499969
