0,File-bits,Entropy,Chi-square,Mean,Monte-Carlo-Pi,Serial-Correlation
1,12600000000,1.000000,4.126293,0.500009,3.141561,-0.000013181914789
2,Value,Occurrences,Fraction
3,0,6299885992,0.499991
3,1,6300114008,0.500009
