0,File-bits,Entropy,Chi-square,Mean,Monte-Carlo-Pi,Serial-Correlation
1,16800000000,1.000000,73.492916,0.499967,3.141723,0.000013859196911
2,Value,Occurrences,Fraction
3,0,8400555581,0.500033
3,1,8399444419,0.499967
