0,File-bits,Entropy,Chi-square,Mean,Monte-Carlo-Pi,Serial-Correlation
1,16800000000,1.000000,77.601893,0.499966,3.141813,0.000000770142748
2,Value,Occurrences,Fraction
3,0,8400570901,0.500034
3,1,8399429099,0.499966
