0,File-bits,Entropy,Chi-square,Mean,Monte-Carlo-Pi,Serial-Correlation
1,16800000000,1.000000,75.938436,0.499966,3.141799,0.000002913098916
2,Value,Occurrences,Fraction
3,0,8400564749,0.500034
3,1,8399435251,0.499966
