0,File-bits,Entropy,Chi-square,Mean,Monte-Carlo-Pi,Serial-Correlation
1,12600000000,1.000000,0.720650,0.499996,3.141652,-0.000000847041321
2,Value,Occurrences,Fraction
3,0,6300047645,0.500004
3,1,6299952355,0.499996
