0,File-bits,Entropy,Chi-square,Mean,Monte-Carlo-Pi,Serial-Correlation
1,16800000000,1.000000,71.242582,0.499967,3.141664,0.000005876235585
2,Value,Occurrences,Fraction
3,0,8400547009,0.500033
3,1,8399452991,0.499967
