0,File-bits,Entropy,Chi-square,Mean,Monte-Carlo-Pi,Serial-Correlation
1,16800000000,1.000000,106.594002,0.499960,3.141921,-0.000003297059188
2,Value,Occurrences,Fraction
3,0,8400669100,0.500040
3,1,8399330900,0.499960
