0,File-bits,Entropy,Chi-square,Mean,Monte-Carlo-Pi,Serial-Correlation
1,16800000000,1.000000,63.678157,0.499969,3.141806,0.000011410019201
2,Value,Occurrences,Fraction
3,0,8400517154,0.500031
3,1,8399482846,0.499969
