0,File-bits,Entropy,Chi-square,Mean,Monte-Carlo-Pi,Serial-Correlation
1,16800000000,1.000000,70.622172,0.499968,3.141773,0.000004265082031
2,Value,Occurrences,Fraction
3,0,8400544622,0.500032
3,1,8399455378,0.499968
