0,File-bits,Entropy,Chi-square,Mean,Monte-Carlo-Pi,Serial-Correlation
1,16800000000,1.000000,54.728761,0.499971,3.141715,0.000007529837598
2,Value,Occurrences,Fraction
3,0,8400479438,0.500029
3,1,8399520562,0.499971
