0,File-bits,Entropy,Chi-square,Mean,Monte-Carlo-Pi,Serial-Correlation
1,12600000000,1.000000,0.343476,0.499997,3.141636,-0.000002102884403
2,Value,Occurrences,Fraction
3,0,6300032893,0.500003
3,1,6299967107,0.499997
