0,File-bits,Entropy,Chi-square,Mean,Monte-Carlo-Pi,Serial-Correlation
1,12600000000,1.000000,0.315720,0.499997,3.141701,-0.000012105421883
2,Value,Occurrences,Fraction
3,0,6300031536,0.500003
3,1,6299968464,0.499997
