0,File-bits,Entropy,Chi-square,Mean,Monte-Carlo-Pi,Serial-Correlation
1,16800000000,1.000000,68.160784,0.499968,3.141812,0.000012839514291
2,Value,Occurrences,Fraction
3,0,8400535047,0.500032
3,1,8399464953,0.499968
