0,File-bits,Entropy,Chi-square,Mean,Monte-Carlo-Pi,Serial-Correlation
1,16800000000,1.000000,104.182155,0.499961,3.141754,0.000011578084467
2,Value,Occurrences,Fraction
3,0,8400661487,0.500039
3,1,8399338513,0.499961
