0,File-bits,Entropy,Chi-square,Mean,Monte-Carlo-Pi,Serial-Correlation
1,12600000000,1.000000,0.013720,0.499999,3.141485,0.000007232697324
2,Value,Occurrences,Fraction
3,0,6300006574,0.500001
3,1,6299993426,0.499999
