0,File-bits,Entropy,Chi-square,Mean,Monte-Carlo-Pi,Serial-Correlation
1,16800000000,1.000000,72.207522,0.499967,3.141800,0.000014973082950
2,Value,Occurrences,Fraction
3,0,8400550701,0.500033
3,1,8399449299,0.499967
