0,File-bits,Entropy,Chi-square,Mean,Monte-Carlo-Pi,Serial-Correlation
1,12600000000,1.000000,0.047678,0.499999,3.141599,-0.000007102226006
2,Value,Occurrences,Fraction
3,0,6300012255,0.500001
3,1,6299987745,0.499999
