0,File-bits,Entropy,Chi-square,Mean,Monte-Carlo-Pi,Serial-Correlation
1,12600000000,1.000000,0.000336,0.500000,3.141657,-0.000000090476217
2,Value,Occurrences,Fraction
3,0,6299998971,0.500000
3,1,6300001029,0.500000
