0,File-bits,Entropy,Chi-square,Mean,Monte-Carlo-Pi,Serial-Correlation
1,12600000000,1.000000,0.425699,0.500003,3.141526,0.000008912982088
2,Value,Occurrences,Fraction
3,0,6299963381,0.499997
3,1,6300036619,0.500003
