0,File-bits,Entropy,Chi-square,Mean,Monte-Carlo-Pi,Serial-Correlation
1,16800000000,1.000000,40.657503,0.499975,3.141764,0.000000766389436
2,Value,Occurrences,Fraction
3,0,8400413233,0.500025
3,1,8399586767,0.499975
