0,File-bits,Entropy,Chi-square,Mean,Monte-Carlo-Pi,Serial-Correlation
1,16800000000,1.000000,63.799623,0.499969,3.141781,0.000010166202442
2,Value,Occurrences,Fraction
3,0,8400517647,0.500031
3,1,8399482353,0.499969
