0,File-bits,Entropy,Chi-square,Mean,Monte-Carlo-Pi,Serial-Correlation
1,16800000000,1.000000,82.452493,0.499965,3.141835,0.000014577949328
2,Value,Occurrences,Fraction
3,0,8400588473,0.500035
3,1,8399411527,0.499965
