0,File-bits,Entropy,Chi-square,Mean,Monte-Carlo-Pi,Serial-Correlation
1,16800000000,1.000000,76.261763,0.499966,3.141778,0.000007554032072
2,Value,Occurrences,Fraction
3,0,8400565950,0.500034
3,1,8399434050,0.499966
