0,File-bits,Entropy,Chi-square,Mean,Monte-Carlo-Pi,Serial-Correlation
1,16800000000,1.000000,73.364659,0.499967,3.141822,0.000004694918791
2,Value,Occurrences,Fraction
3,0,8400555096,0.500033
3,1,8399444904,0.499967
