0,File-bits,Entropy,Chi-square,Mean,Monte-Carlo-Pi,Serial-Correlation
1,16800000000,1.000000,67.332717,0.499968,3.141754,0.000018350515983
2,Value,Occurrences,Fraction
3,0,8400531787,0.500032
3,1,8399468213,0.499968
