0,File-bits,Entropy,Chi-square,Mean,Monte-Carlo-Pi,Serial-Correlation
1,12600000000,1.000000,0.005202,0.500000,3.141772,-0.000002559048032
2,Value,Occurrences,Fraction
3,0,6299995952,0.500000
3,1,6300004048,0.500000
