0,File-bits,Entropy,Chi-square,Mean,Monte-Carlo-Pi,Serial-Correlation
1,16800000000,1.000000,83.908187,0.499965,3.141645,0.000014477148394
2,Value,Occurrences,Fraction
3,0,8400593645,0.500035
3,1,8399406355,0.499965
