0,File-bits,Entropy,Chi-square,Mean,Monte-Carlo-Pi,Serial-Correlation
1,12600000000,1.000000,1.062677,0.499995,3.141607,0.000006537693439
2,Value,Occurrences,Fraction
3,0,6300057857,0.500005
3,1,6299942143,0.499995
