0,File-bits,Entropy,Chi-square,Mean,Monte-Carlo-Pi,Serial-Correlation
1,12600000000,1.000000,0.705095,0.500004,3.141423,0.000003924388485
2,Value,Occurrences,Fraction
3,0,6299952872,0.499996
3,1,6300047128,0.500004
