0,File-bits,Entropy,Chi-square,Mean,Monte-Carlo-Pi,Serial-Correlation
1,16800000000,1.000000,47.164916,0.499974,3.141676,0.000008799335446
2,Value,Occurrences,Fraction
3,0,8400445076,0.500026
3,1,8399554924,0.499974
