0,File-bits,Entropy,Chi-square,Mean,Monte-Carlo-Pi,Serial-Correlation
1,12600000000,1.000000,2.147326,0.499993,3.141712,0.000001052845451
2,Value,Occurrences,Fraction
3,0,6300082244,0.500007
3,1,6299917756,0.499993
