0,File-bits,Entropy,Chi-square,Mean,Monte-Carlo-Pi,Serial-Correlation
1,12600000000,1.000000,0.471925,0.499997,3.141493,-0.000002431148566
2,Value,Occurrences,Fraction
3,0,6300038556,0.500003
3,1,6299961444,0.499997
