0,File-bits,Entropy,Chi-square,Mean,Monte-Carlo-Pi,Serial-Correlation
1,16800000000,1.000000,61.946787,0.499970,3.141783,0.000015474884177
2,Value,Occurrences,Fraction
3,0,8400510075,0.500030
3,1,8399489925,0.499970
