0,File-bits,Entropy,Chi-square,Mean,Monte-Carlo-Pi,Serial-Correlation
1,16800000000,1.000000,94.207427,0.499963,3.141810,0.000014205106780
2,Value,Occurrences,Fraction
3,0,8400629024,0.500037
3,1,8399370976,0.499963
