0,File-bits,Entropy,Chi-square,Mean,Monte-Carlo-Pi,Serial-Correlation
1,16800000000,1.000000,99.223494,0.499962,3.141814,0.000004877903392
2,Value,Occurrences,Fraction
3,0,8400645553,0.500038
3,1,8399354447,0.499962
