0,File-bits,Entropy,Chi-square,Mean,Monte-Carlo-Pi,Serial-Correlation
1,16800000000,1.000000,49.590033,0.499973,3.141688,0.000009989191099
2,Value,Occurrences,Fraction
3,0,8400456375,0.500027
3,1,8399543625,0.499973
