0,File-bits,Entropy,Chi-square,Mean,Monte-Carlo-Pi,Serial-Correlation
1,16800000000,1.000000,51.609543,0.499972,3.141739,-0.000000607357713
2,Value,Occurrences,Fraction
3,0,8400465575,0.500028
3,1,8399534425,0.499972
