0,File-bits,Entropy,Chi-square,Mean,Monte-Carlo-Pi,Serial-Correlation
1,12600000000,1.000000,2.166532,0.500007,3.141562,0.000004940780435
2,Value,Occurrences,Fraction
3,0,6299917389,0.499993
3,1,6300082611,0.500007
