0,File-bits,Entropy,Chi-square,Mean,Monte-Carlo-Pi,Serial-Correlation
1,12600000000,1.000000,1.955173,0.500006,3.141604,-0.000006388726602
2,Value,Occurrences,Fraction
3,0,6299921522,0.499994
3,1,6300078478,0.500006
