0,File-bits,Entropy,Chi-square,Mean,Monte-Carlo-Pi,Serial-Correlation
1,16800000000,1.000000,75.215137,0.499967,3.141803,0.000003122665780
2,Value,Occurrences,Fraction
3,0,8400562053,0.500033
3,1,8399437947,0.499967
