0,File-bits,Entropy,Chi-square,Mean,Monte-Carlo-Pi,Serial-Correlation
1,16800000000,1.000000,78.220510,0.499966,3.141678,0.000012533915504
2,Value,Occurrences,Fraction
3,0,8400573172,0.500034
3,1,8399426828,0.499966
