0,File-bits,Entropy,Chi-square,Mean,Monte-Carlo-Pi,Serial-Correlation
1,16800000000,1.000000,76.717898,0.499966,3.141948,0.000003626862047
2,Value,Occurrences,Fraction
3,0,8400567640,0.500034
3,1,8399432360,0.499966
