0,File-bits,Entropy,Chi-square,Mean,Monte-Carlo-Pi,Serial-Correlation
1,12600000000,1.000000,0.207385,0.500002,3.141581,-0.000006653349793
2,Value,Occurrences,Fraction
3,0,6299974441,0.499998
3,1,6300025559,0.500002
