0,File-bits,Entropy,Chi-square,Mean,Monte-Carlo-Pi,Serial-Correlation
1,12600000000,1.000000,1.041660,0.499995,3.141725,0.000000545314154
2,Value,Occurrences,Fraction
3,0,6300057282,0.500005
3,1,6299942718,0.499995
