0,File-bits,Entropy,Chi-square,Mean,Monte-Carlo-Pi,Serial-Correlation
1,16800000000,1.000000,77.183797,0.499966,3.141628,-0.000006185070493
2,Value,Occurrences,Fraction
3,0,8400569361,0.500034
3,1,8399430639,0.499966
