0,File-bits,Entropy,Chi-square,Mean,Monte-Carlo-Pi,Serial-Correlation
1,16800000000,1.000000,55.391926,0.499971,3.141854,0.000002802417156
2,Value,Occurrences,Fraction
3,0,8400482334,0.500029
3,1,8399517666,0.499971
