0,File-bits,Entropy,Chi-square,Mean,Monte-Carlo-Pi,Serial-Correlation
1,12600000000,1.000000,0.498332,0.499997,3.141714,0.000007912976323
2,Value,Occurrences,Fraction
3,0,6300039620,0.500003
3,1,6299960380,0.499997
