0,File-bits,Entropy,Chi-square,Mean,Monte-Carlo-Pi,Serial-Correlation
1,16800000000,1.000000,48.299824,0.499973,3.141687,0.000013594029812
2,Value,Occurrences,Fraction
3,0,8400450399,0.500027
3,1,8399549601,0.499973
