0,File-bits,Entropy,Chi-square,Mean,Monte-Carlo-Pi,Serial-Correlation
1,12600000000,1.000000,0.012906,0.499999,3.141510,-0.000007835239120
2,Value,Occurrences,Fraction
3,0,6300006376,0.500001
3,1,6299993624,0.499999
