0,File-bits,Entropy,Chi-square,Mean,Monte-Carlo-Pi,Serial-Correlation
1,12600000000,1.000000,0.013195,0.500001,3.141633,-0.000009150477238
2,Value,Occurrences,Fraction
3,0,6299993553,0.499999
3,1,6300006447,0.500001
