0,File-bits,Entropy,Chi-square,Mean,Monte-Carlo-Pi,Serial-Correlation
1,16800000000,1.000000,114.078845,0.499959,3.141626,0.000011166066811
2,Value,Occurrences,Fraction
3,0,8400692193,0.500041
3,1,8399307807,0.499959
