0,File-bits,Entropy,Chi-square,Mean,Monte-Carlo-Pi,Serial-Correlation
1,12600000000,1.000000,0.330998,0.500003,3.141565,-0.000002906058016
2,Value,Occurrences,Fraction
3,0,6299967710,0.499997
3,1,6300032290,0.500003
