0,File-bits,Entropy,Chi-square,Mean,Monte-Carlo-Pi,Serial-Correlation
1,16800000000,1.000000,96.202903,0.499962,3.141832,0.000002439511746
2,Value,Occurrences,Fraction
3,0,8400635651,0.500038
3,1,8399364349,0.499962
