0,File-bits,Entropy,Chi-square,Mean,Monte-Carlo-Pi,Serial-Correlation
1,12600000000,1.000000,0.301175,0.500002,3.141611,-0.000014431769935
2,Value,Occurrences,Fraction
3,0,6299969199,0.499998
3,1,6300030801,0.500002
