0,File-bits,Entropy,Chi-square,Mean,Monte-Carlo-Pi,Serial-Correlation
1,12600000000,1.000000,0.014162,0.499999,3.141643,-0.000002108890013
2,Value,Occurrences,Fraction
3,0,6300006679,0.500001
3,1,6299993321,0.499999
