0,File-bits,Entropy,Chi-square,Mean,Monte-Carlo-Pi,Serial-Correlation
1,12600000000,1.000000,0.035260,0.500001,3.141510,0.000009007298789
2,Value,Occurrences,Fraction
3,0,6299989461,0.499999
3,1,6300010539,0.500001
