0,File-bits,Entropy,Chi-square,Mean,Monte-Carlo-Pi,Serial-Correlation
1,16800000000,1.000000,95.133759,0.499962,3.141958,0.000004265527777
2,Value,Occurrences,Fraction
3,0,8400632109,0.500038
3,1,8399367891,0.499962
