0,File-bits,Entropy,Chi-square,Mean,Monte-Carlo-Pi,Serial-Correlation
1,12600000000,1.000000,0.011088,0.500000,3.141596,0.000006228570549
2,Value,Occurrences,Fraction
3,0,6300005910,0.500000
3,1,6299994090,0.500000
