0,File-bits,Entropy,Chi-square,Mean,Monte-Carlo-Pi,Serial-Correlation
1,16800000000,1.000000,81.521426,0.499965,3.141651,0.000003882290410
2,Value,Occurrences,Fraction
3,0,8400585141,0.500035
3,1,8399414859,0.499965
