0,File-bits,Entropy,Chi-square,Mean,Monte-Carlo-Pi,Serial-Correlation
1,16800000000,1.000000,77.164278,0.499966,3.141701,0.000004165645003
2,Value,Occurrences,Fraction
3,0,8400569289,0.500034
3,1,8399430711,0.499966
