0,File-bits,Entropy,Chi-square,Mean,Monte-Carlo-Pi,Serial-Correlation
1,12600000000,1.000000,1.160487,0.499995,3.141656,-0.000010424536548
2,Value,Occurrences,Fraction
3,0,6300060461,0.500005
3,1,6299939539,0.499995
