0,File-bits,Entropy,Chi-square,Mean,Monte-Carlo-Pi,Serial-Correlation
1,12600000000,1.000000,1.771552,0.500006,3.141663,0.000002605891147
2,Value,Occurrences,Fraction
3,0,6299925298,0.499994
3,1,6300074702,0.500006
