0,File-bits,Entropy,Chi-square,Mean,Monte-Carlo-Pi,Serial-Correlation
1,16800000000,1.000000,85.908395,0.499964,3.141927,0.000006776315011
2,Value,Occurrences,Fraction
3,0,8400600679,0.500036
3,1,8399399321,0.499964
