0,File-bits,Entropy,Chi-square,Mean,Monte-Carlo-Pi,Serial-Correlation
1,12600000000,1.000000,8.074245,0.499987,3.141550,-0.000007740323358
2,Value,Occurrences,Fraction
3,0,6300159480,0.500013
3,1,6299840520,0.499987
