0,File-bits,Entropy,Chi-square,Mean,Monte-Carlo-Pi,Serial-Correlation
1,16800000000,1.000000,99.127299,0.499962,3.141892,0.000005343147216
2,Value,Occurrences,Fraction
3,0,8400645240,0.500038
3,1,8399354760,0.499962
