0,File-bits,Entropy,Chi-square,Mean,Monte-Carlo-Pi,Serial-Correlation
1,12600000000,1.000000,1.631482,0.499994,3.141706,-0.000004009970753
2,Value,Occurrences,Fraction
3,0,6300071688,0.500006
3,1,6299928312,0.499994
