0,File-bits,Entropy,Chi-square,Mean,Monte-Carlo-Pi,Serial-Correlation
1,16800000000,1.000000,103.835321,0.499961,3.141651,0.000005282390787
2,Value,Occurrences,Fraction
3,0,8400660385,0.500039
3,1,8399339615,0.499961
