0,File-bits,Entropy,Chi-square,Mean,Monte-Carlo-Pi,Serial-Correlation
1,16800000000,1.000000,60.231137,0.499970,3.141872,-0.000001195966143
2,Value,Occurrences,Fraction
3,0,8400502962,0.500030
3,1,8399497038,0.499970
