0,File-bits,Entropy,Chi-square,Mean,Monte-Carlo-Pi,Serial-Correlation
1,16800000000,1.000000,77.436420,0.499966,3.141761,0.000006873009768
2,Value,Occurrences,Fraction
3,0,8400570292,0.500034
3,1,8399429708,0.499966
