0,File-bits,Entropy,Chi-square,Mean,Monte-Carlo-Pi,Serial-Correlation
1,16800000000,1.000000,80.384947,0.499965,3.141688,-0.000001520261016
2,Value,Occurrences,Fraction
3,0,8400581048,0.500035
3,1,8399418952,0.499965
