0,File-bits,Entropy,Chi-square,Mean,Monte-Carlo-Pi,Serial-Correlation
1,16800000000,1.000000,63.392566,0.499969,3.141742,-0.000004022821001
2,Value,Occurrences,Fraction
3,0,8400515993,0.500031
3,1,8399484007,0.499969
