0,File-bits,Entropy,Chi-square,Mean,Monte-Carlo-Pi,Serial-Correlation
1,12600000000,1.000000,1.026296,0.500005,3.141606,-0.000008563890977
2,Value,Occurrences,Fraction
3,0,6299943142,0.499995
3,1,6300056858,0.500005
