0,File-bits,Entropy,Chi-square,Mean,Monte-Carlo-Pi,Serial-Correlation
1,16800000000,1.000000,82.481639,0.499965,3.141726,0.000001742471339
2,Value,Occurrences,Fraction
3,0,8400588577,0.500035
3,1,8399411423,0.499965
