0,File-bits,Entropy,Chi-square,Mean,Monte-Carlo-Pi,Serial-Correlation
1,12600000000,1.000000,0.087458,0.500001,3.141398,0.000002236818456
2,Value,Occurrences,Fraction
3,0,6299983402,0.499999
3,1,6300016598,0.500001
