0,File-bits,Entropy,Chi-square,Mean,Monte-Carlo-Pi,Serial-Correlation
1,12600000000,1.000000,0.350824,0.499997,3.141618,-0.000008492726256
2,Value,Occurrences,Fraction
3,0,6300033243,0.500003
3,1,6299966757,0.499997
