0,File-bits,Entropy,Chi-square,Mean,Monte-Carlo-Pi,Serial-Correlation
1,12600000000,1.000000,0.959061,0.499996,3.141674,0.000008361828647
2,Value,Occurrences,Fraction
3,0,6300054964,0.500004
3,1,6299945036,0.499996
