0,File-bits,Entropy,Chi-square,Mean,Monte-Carlo-Pi,Serial-Correlation
1,16800000000,1.000000,62.609461,0.499969,3.141856,0.000020866273324
2,Value,Occurrences,Fraction
3,0,8400512796,0.500031
3,1,8399487204,0.499969
