0,File-bits,Entropy,Chi-square,Mean,Monte-Carlo-Pi,Serial-Correlation
1,12600000000,1.000000,0.121185,0.499998,3.141800,0.000005278085620
2,Value,Occurrences,Fraction
3,0,6300019538,0.500002
3,1,6299980462,0.499998
