0,File-bits,Entropy,Chi-square,Mean,Monte-Carlo-Pi,Serial-Correlation
1,12600000000,1.000000,1.623890,0.500006,3.141505,0.000013416061598
2,Value,Occurrences,Fraction
3,0,6299928479,0.499994
3,1,6300071521,0.500006
