0,File-bits,Entropy,Chi-square,Mean,Monte-Carlo-Pi,Serial-Correlation
1,12600000000,1.000000,4.296233,0.500009,3.141576,-0.000011803515578
2,Value,Occurrences,Fraction
3,0,6299883668,0.499991
3,1,6300116332,0.500009
