0,File-bits,Entropy,Chi-square,Mean,Monte-Carlo-Pi,Serial-Correlation
1,16800000000,1.000000,92.876831,0.499963,3.141518,0.000004090662116
2,Value,Occurrences,Fraction
3,0,8400624566,0.500037
3,1,8399375434,0.499963
