0,File-bits,Entropy,Chi-square,Mean,Monte-Carlo-Pi,Serial-Correlation
1,12600000000,1.000000,0.560133,0.500003,3.141531,-0.000007640679376
2,Value,Occurrences,Fraction
3,0,6299957995,0.499997
3,1,6300042005,0.500003
