0,File-bits,Entropy,Chi-square,Mean,Monte-Carlo-Pi,Serial-Correlation
1,12600000000,1.000000,0.318791,0.499997,3.141637,0.000003399974699
2,Value,Occurrences,Fraction
3,0,6300031689,0.500003
3,1,6299968311,0.499997
