0,File-bits,Entropy,Chi-square,Mean,Monte-Carlo-Pi,Serial-Correlation
1,16800000000,1.000000,39.113573,0.499976,3.141610,0.000002780528960
2,Value,Occurrences,Fraction
3,0,8400405311,0.500024
3,1,8399594689,0.499976
