0,File-bits,Entropy,Chi-square,Mean,Monte-Carlo-Pi,Serial-Correlation
1,16800000000,1.000000,75.739829,0.499966,3.141860,0.000009804777435
2,Value,Occurrences,Fraction
3,0,8400564010,0.500034
3,1,8399435990,0.499966
