0,File-bits,Entropy,Chi-square,Mean,Monte-Carlo-Pi,Serial-Correlation
1,12600000000,1.000000,0.034172,0.499999,3.141660,0.000008109838558
2,Value,Occurrences,Fraction
3,0,6300010375,0.500001
3,1,6299989625,0.499999
