0,File-bits,Entropy,Chi-square,Mean,Monte-Carlo-Pi,Serial-Correlation
1,12600000000,1.000000,0.004657,0.500000,3.141638,0.000005316825027
2,Value,Occurrences,Fraction
3,0,6299996170,0.500000
3,1,6300003830,0.500000
