0,File-bits,Entropy,Chi-square,Mean,Monte-Carlo-Pi,Serial-Correlation
1,12600000000,1.000000,0.054538,0.499999,3.141485,-0.000004047623376
2,Value,Occurrences,Fraction
3,0,6300013107,0.500001
3,1,6299986893,0.499999
