0,File-bits,Entropy,Chi-square,Mean,Monte-Carlo-Pi,Serial-Correlation
1,12600000000,1.000000,0.990655,0.500004,3.141633,0.000002169127726
2,Value,Occurrences,Fraction
3,0,6299944138,0.499996
3,1,6300055862,0.500004
