0,File-bits,Entropy,Chi-square,Mean,Monte-Carlo-Pi,Serial-Correlation
1,16800000000,1.000000,71.205599,0.499967,3.141737,0.000005565999690
2,Value,Occurrences,Fraction
3,0,8400546867,0.500033
3,1,8399453133,0.499967
