0,File-bits,Entropy,Chi-square,Mean,Monte-Carlo-Pi,Serial-Correlation
1,16800000000,1.000000,81.600579,0.499965,3.141901,0.000007797047622
2,Value,Occurrences,Fraction
3,0,8400585425,0.500035
3,1,8399414575,0.499965
