0,File-bits,Entropy,Chi-square,Mean,Monte-Carlo-Pi,Serial-Correlation
1,16800000000,1.000000,71.592837,0.499967,3.141666,0.000016430500496
2,Value,Occurrences,Fraction
3,0,8400548352,0.500033
3,1,8399451648,0.499967
