0,File-bits,Entropy,Chi-square,Mean,Monte-Carlo-Pi,Serial-Correlation
1,12600000000,1.000000,1.403129,0.500005,3.141523,-0.000000034079613
2,Value,Occurrences,Fraction
3,0,6299933518,0.499995
3,1,6300066482,0.500005
